unixtime,mouseX,mouseY,collision,mode
1508047674331,0,0,0,mode0
1508047674491,1423,487,0,mode0
1508047674509,1423,487,0,mode0
1508047674526,1423,487,0,mode0
1508047674543,1423,487,0,mode0
1508047674560,1423,487,0,mode0
1508047674577,1423,487,0,mode0
1508047674594,1423,487,0,mode0
1508047674624,1423,487,0,mode0
1508047674641,1423,487,0,mode1
1508047674658,1423,487,0,mode1
1508047674675,1423,487,0,mode1
1508047674692,1423,487,0,mode1
1508047674707,1423,487,0,mode1
1508047674725,1423,487,0,mode1
1508047674742,1423,487,0,mode1
1508047674758,1423,487,0,mode1
1508047674775,1423,487,0,mode1
1508047674792,1423,487,0,mode1
1508047674808,1423,487,0,mode1
1508047674825,1423,487,0,mode1
1508047674842,1423,487,0,mode1
1508047674859,1423,487,0,mode1
1508047674875,1423,487,0,mode1
1508047674891,1423,487,0,mode1
1508047674908,1423,487,0,mode1
1508047674925,1423,487,0,mode1
1508047674942,1423,487,0,mode1
1508047674959,1423,487,0,mode1
1508047674976,1419,506,0,mode1
1508047674992,1411,530,0,mode1
1508047675008,1401,563,0,mode1
1508047675025,1397,571,0,mode1
1508047675042,1374,611,0,mode1
1508047675059,1356,637,0,mode1
1508047675076,1348,649,0,mode1
1508047675092,1303,696,0,mode1
1508047675109,1272,717,0,mode1
1508047675126,1264,722,0,mode1
1508047675143,1229,735,0,mode1
1508047675159,1201,739,0,mode1
1508047675176,1148,739,0,mode1
1508047675193,1126,739,0,mode1
1508047675210,1049,738,0,mode1
1508047675226,993,729,0,mode1
1508047675247,913,723,0,mode1
1508047675268,861,714,0,mode1
1508047675289,843,707,0,mode1
1508047675306,835,685,0,mode1
1508047675323,826,648,0,mode1
1508047675340,824,635,0,mode1
1508047675356,822,558,0,mode1
1508047675373,823,543,0,mode1
1508047675389,831,487,0,mode1
1508047675405,841,452,0,mode1
1508047675422,845,439,0,mode1
1508047675439,854,403,0,mode1
1508047675456,862,379,0,mode1
1508047675472,868,362,0,mode1
1508047675489,869,357,0,mode1
1508047675511,879,342,0,mode1
1508047675528,890,335,0,mode1
1508047675545,895,333,0,mode1
1508047675561,916,320,0,mode1
1508047675579,934,306,0,mode1
1508047675595,955,285,0,mode1
1508047675613,971,269,0,mode1
1508047675629,982,261,0,mode1
1508047675647,996,253,0,mode1
1508047675664,1002,250,0,mode1
1508047675681,1021,241,0,mode1
1508047675697,1065,226,0,mode1
1508047675714,1074,225,0,mode1
1508047675731,1126,217,0,mode1
1508047675748,1137,217,0,mode1
1508047675763,1175,217,0,mode1
1508047675780,1208,218,0,mode1
1508047675797,1256,231,1,mode1
1508047675814,1267,236,1,mode1
1508047675831,1306,258,1,mode1
1508047675847,1335,282,1,mode1
1508047675865,1374,319,1,mode1
1508047675881,1385,332,1,mode1
1508047675898,1420,362,2,mode1
1508047675916,1454,382,2,mode1
1508047675933,1457,384,2,mode1
1508047675950,1465,387,2,mode1
1508047675967,1479,389,2,mode1
1508047675983,1484,389,2,mode1
1508047676000,1509,396,2,mode1
1508047676017,1528,404,2,mode1
1508047676033,1555,414,2,mode1
1508047676051,1561,416,2,mode1
1508047676067,1579,430,2,mode1
1508047676083,1582,434,2,mode1
1508047676100,1593,452,2,mode1
1508047676117,1599,468,2,mode1
1508047676133,1602,498,2,mode1
1508047676150,1602,507,2,mode1
1508047676167,1597,561,2,mode1
1508047676184,1591,580,2,mode1
1508047676200,1570,626,2,mode1
1508047676217,1554,661,2,mode1
1508047676233,1545,676,2,mode1
1508047676250,1512,719,2,mode1
1508047676266,1487,744,2,mode1
1508047676284,1451,762,2,mode1
1508047676299,1414,771,2,mode1
1508047676317,1408,772,2,mode1
1508047676333,1399,774,2,mode1
1508047676350,1382,774,2,mode1
1508047676367,1358,772,2,mode1
1508047676383,1316,766,2,mode1
1508047676400,1298,764,2,mode1
1508047676417,1229,760,2,mode1
1508047676433,1190,760,2,mode1
1508047676450,1149,763,2,mode1
1508047676467,1140,766,2,mode1
1508047676483,1104,798,2,mode1
1508047676502,1099,803,2,mode1
1508047676520,1085,831,2,mode1
1508047676536,1081,853,2,mode1
1508047676552,1084,883,2,mode1
1508047676569,1087,890,2,mode1
1508047676585,1121,916,2,mode1
1508047676602,1163,926,2,mode1
1508047676619,1236,937,2,mode1
1508047676635,1291,941,2,mode1
1508047676653,1378,941,2,mode1
1508047676669,1406,938,2,mode1
1508047676686,1484,921,2,mode1
1508047676702,1523,902,3,mode1
1508047676720,1566,867,3,mode1
1508047676737,1574,858,3,mode1
1508047676753,1587,821,3,mode1
1508047676771,1589,797,3,mode1
1508047676786,1580,765,3,mode1
1508047676803,1562,738,3,mode1
1508047676820,1519,705,3,mode1
1508047676837,1503,697,3,mode1
1508047676853,1445,682,3,mode1
1508047676870,1408,678,3,mode1
1508047676887,1356,678,3,mode1
1508047676903,1337,679,3,mode1
1508047676920,1288,683,3,mode1
1508047676936,1206,690,3,mode1
1508047676953,1143,694,3,mode1
1508047676970,1055,700,3,mode1
1508047676986,1028,702,3,mode1
1508047677003,961,702,3,mode1
1508047677019,924,702,3,mode1
1508047677038,924,702,3,mode1
1508047677054,924,702,3,mode1
1508047677071,926,701,3,mode1
1508047677088,930,698,3,mode1
1508047677103,952,685,3,mode1
1508047677121,987,669,3,mode1
1508047677138,1067,643,3,mode1
1508047677154,1100,633,3,mode1
1508047677171,1215,609,3,mode1
1508047677187,1298,591,3,mode1
1508047677205,1414,567,3,mode1
1508047677220,1477,552,3,mode1
1508047677237,1543,540,4,mode1
1508047677256,1580,536,4,mode1
1508047677274,1585,536,4,mode1
1508047677291,1591,536,4,mode1
1508047677308,1591,536,4,mode1
1508047677324,1591,536,4,mode1
1508047677341,1591,536,4,mode1
1508047677358,1591,536,4,mode1
1508047677375,1595,538,4,mode1
1508047677391,1609,549,4,mode1
1508047677408,1632,566,4,mode1
1508047677424,1637,570,4,mode1
1508047677441,1657,586,4,mode1
1508047677458,1659,589,5,mode1
1508047677477,1659,593,5,mode1
1508047677495,1655,600,5,mode1
1508047677512,1645,609,5,mode1
1508047677529,1632,624,5,mode1
1508047677547,1628,628,5,mode1
1508047677563,1617,642,5,mode1
1508047677580,1616,644,5,mode1
1508047677596,1615,646,5,mode1
1508047677613,1615,646,5,mode1
1508047677629,1615,646,6,mode1
1508047677656,1615,650,6,mode1
1508047677673,1615,652,6,mode1
1508047677690,1615,664,6,mode1
1508047677706,1617,672,6,mode1
1508047677722,1618,680,6,mode1
1508047677740,1620,685,6,mode1
1508047677756,1620,697,6,mode1
1508047677773,1621,701,6,mode1
1508047677790,1624,719,6,mode1
1508047677807,1627,730,6,mode1
1508047677823,1628,737,6,mode1
1508047677840,1629,739,6,mode1
1508047677857,1629,745,6,mode1
1508047677873,1629,748,6,mode1
1508047677890,1626,756,6,mode1
1508047677906,1613,776,6,mode1
1508047677923,1585,805,6,mode1
1508047677940,1585,805,6,mode1
1508047677956,1510,881,7,mode1
1508047677974,1476,912,7,mode1
1508047677992,1437,951,7,mode1
1508047678009,1425,962,7,mode1
1508047678026,1397,991,7,mode1
1508047678043,1387,1003,7,mode1
1508047678060,1384,1009,7,mode1
1508047678076,1383,1010,7,mode1
1508047678093,1383,1010,7,mode1
1508047678109,1383,1010,7,mode1
1508047678125,1382,1010,7,mode1
1508047678142,1382,1010,7,mode1
1508047678160,1381,1010,7,mode1
1508047678176,1380,1010,7,mode1
1508047678192,1380,1010,7,mode1
1508047678208,1379,1008,7,mode1
1508047678226,1379,1005,7,mode1
1508047678242,1379,992,7,mode1
1508047678259,1381,969,7,mode1
1508047678276,1392,936,7,mode1
1508047678293,1393,928,7,mode1
1508047678309,1408,880,7,mode1
1508047678326,1437,814,7,mode1
1508047678343,1458,770,7,mode1
1508047678359,1466,751,7,mode1
1508047678376,1487,701,7,mode1
1508047678392,1495,682,8,mode1
1508047678410,1496,675,8,mode1
1508047678427,1496,672,8,mode1
1508047678444,1496,665,8,mode1
1508047678460,1488,656,8,mode1
1508047678477,1485,654,8,mode1
1508047678494,1456,623,8,mode1
1508047678512,1434,601,8,mode1
1508047678529,1382,554,8,mode1
1508047678545,1366,538,8,mode1
1508047678562,1330,506,8,mode1
1508047678579,1285,467,9,mode1
1508047678597,1238,431,9,mode1
1508047678614,1207,407,9,mode1
1508047678632,1168,378,9,mode1
1508047678648,1159,372,9,mode1
1508047678664,1134,349,9,mode1
1508047678681,1125,341,9,mode1
1508047678698,1117,335,9,mode1
1508047678713,1116,334,9,mode1
1508047678731,1116,333,9,mode1
1508047678747,1116,333,9,mode1
1508047678764,1115,326,9,mode1
1508047678781,1110,313,9,mode1
1508047678797,1096,281,9,mode1
1508047678814,1093,272,9,mode1
1508047678831,1079,246,9,mode1
1508047678847,1040,199,10,mode1
1508047678865,994,158,10,mode1
1508047678883,974,146,10,mode1
1508047678902,897,106,10,mode1
1508047678919,889,104,10,mode1
1508047678936,883,101,10,mode1
1508047678952,883,101,10,mode1
1508047678970,883,101,10,mode1
1508047678985,883,101,10,mode1
1508047679003,887,105,10,mode1
1508047679020,889,108,10,mode1
1508047679037,897,116,10,mode1
1508047679054,908,133,10,mode1
1508047679070,928,168,10,mode1
1508047679087,932,174,10,mode1
1508047679104,952,209,10,mode1
1508047679120,972,234,10,mode1
1508047679137,1011,266,10,mode1
1508047679154,1024,273,10,mode1
1508047679170,1083,289,10,mode1
1508047679187,1094,289,10,mode1
1508047679204,1131,293,10,mode1
1508047679221,1157,293,10,mode1
1508047679237,1189,293,11,mode1
1508047679257,1195,293,11,mode1
1508047679274,1219,293,11,mode1
1508047679291,1222,293,11,mode1
1508047679308,1224,293,11,mode1
1508047679324,1224,293,11,mode1
1508047679340,1229,294,11,mode1
1508047679357,1234,296,11,mode1
1508047679374,1269,314,11,mode1
1508047679390,1298,337,11,mode1
1508047679407,1342,385,11,mode1
1508047679425,1375,423,11,mode1
1508047679440,1399,452,11,mode1
1508047679457,1424,477,11,mode1
1508047679474,1437,492,11,mode1
1508047679490,1444,501,11,mode1
1508047679507,1448,505,11,mode1
1508047679524,1448,505,11,mode1
1508047679541,1450,506,11,mode1
1508047679557,1450,506,11,mode1
1508047679575,1450,506,11,mode1
1508047679591,1450,506,11,mode1
1508047679608,1450,504,11,mode1
1508047679625,1450,490,11,mode1
1508047679641,1447,468,11,mode1
1508047679658,1418,431,11,mode1
1508047679674,1398,413,11,mode1
1508047679691,1321,355,12,mode1
1508047679717,1230,311,12,mode1
1508047679734,1153,285,12,mode1
1508047679751,1115,273,12,mode1
1508047679767,1093,269,12,mode1
1508047679784,1093,269,12,mode1
1508047679801,1093,268,12,mode1
1508047679817,1093,268,12,mode1
1508047679835,1090,261,12,mode1
1508047679851,1087,258,12,mode1
1508047679867,1075,240,12,mode1
1508047679884,1062,225,13,mode1
1508047679905,1054,214,13,mode1
1508047679922,1053,212,13,mode1
1508047679939,1052,206,13,mode1
1508047679956,1052,201,13,mode1
1508047679973,1054,193,13,mode1
1508047679989,1057,180,13,mode1
1508047680006,1060,161,13,mode1
1508047680023,1060,157,13,mode1
1508047680039,1060,141,13,mode1
1508047680056,1058,133,13,mode1
1508047680073,1057,125,13,mode1
1508047680090,1057,125,13,mode1
1508047680106,1057,124,13,mode1
1508047680123,1063,124,13,mode1
1508047680139,1082,124,13,mode1
1508047680156,1111,129,13,mode1
1508047680173,1168,137,14,mode1
1508047680191,1179,138,14,mode1
1508047680209,1238,142,14,mode1
1508047680225,1284,145,14,mode1
1508047680242,1362,145,15,mode1
1508047680264,1423,145,15,mode1
1508047680281,1436,145,15,mode1
1508047680299,1467,144,15,mode1
1508047680315,1468,142,15,mode1
1508047680331,1471,131,15,mode1
1508047680348,1474,121,15,mode1
1508047680365,1480,104,15,mode1
1508047680382,1482,100,15,mode1
1508047680398,1489,82,15,mode1
1508047680415,1495,69,15,mode1
1508047680431,1499,57,15,mode1
1508047680448,1500,52,15,mode1
1508047680465,1501,49,15,mode1
1508047680481,1501,49,15,mode1
1508047680499,1501,49,15,mode1
1508047680516,1501,49,15,mode1
1508047680533,1502,49,15,mode1
1508047680550,1502,49,15,mode1
1508047680566,1514,60,15,mode1
1508047680583,1518,64,16,mode1
1508047680601,1541,86,16,mode1
1508047680618,1561,100,16,mode1
1508047680635,1578,111,16,mode1
1508047680651,1582,112,16,mode1
1508047680668,1589,115,16,mode1
1508047680684,1591,115,16,mode1
1508047680701,1591,115,16,mode1
1508047680719,1591,115,16,mode1
1508047680735,1591,117,16,mode1
1508047680752,1591,120,16,mode1
1508047680768,1585,135,16,mode1
1508047680785,1575,159,16,mode1
1508047680802,1545,217,16,mode1
1508047680818,1533,241,16,mode1
1508047680835,1507,299,16,mode1
1508047680851,1469,391,16,mode1
1508047680868,1459,419,16,mode1
1508047680885,1440,497,16,mode1
1508047680901,1434,534,16,mode1
1508047680918,1434,573,16,mode1
1508047680934,1437,595,16,mode1
1508047680951,1447,610,16,mode1
1508047680968,1450,614,16,mode1
1508047680984,1471,628,16,mode1
1508047681001,1497,636,17,mode1
1508047681022,1538,645,17,mode1
1508047681038,1562,647,17,mode1
1508047681055,1571,647,17,mode1
1508047681073,1571,647,17,mode1
1508047681089,1571,648,17,mode1
1508047681106,1569,651,17,mode1
1508047681122,1555,669,17,mode1
1508047681139,1533,695,17,mode1
1508047681156,1518,708,17,mode1
1508047681172,1478,740,17,mode1
1508047681188,1406,795,17,mode1
1508047681205,1354,834,17,mode1
1508047681222,1283,886,17,mode1
1508047681239,1263,900,17,mode1
1508047681256,1218,937,18,mode1
1508047681273,1203,952,18,mode1
1508047681289,1201,954,18,mode1
1508047681306,1199,957,18,mode1
1508047681323,1198,959,18,mode1
1508047681339,1198,959,18,mode1
1508047681356,1198,959,18,mode1
1508047681373,1198,959,18,mode1
1508047681390,1200,964,18,mode1
1508047681406,1207,966,18,mode1
1508047681423,1225,975,18,mode1
1508047681439,1258,981,18,mode1
1508047681457,1329,985,18,mode1
1508047681473,1353,985,18,mode1
1508047681490,1448,980,18,mode1
1508047681509,1464,976,18,mode1
1508047681527,1509,956,18,mode1
1508047681544,1529,934,18,mode1
1508047681561,1546,899,18,mode1
1508047681577,1548,891,18,mode1
1508047681594,1550,858,18,mode1
1508047681611,1544,828,18,mode1
1508047681628,1530,808,18,mode1
1508047681644,1507,792,18,mode1
1508047681661,1466,780,18,mode1
1508047681677,1448,776,18,mode1
1508047681694,1382,776,18,mode1
1508047681711,1335,777,18,mode1
1508047681727,1279,789,18,mode1
1508047681744,1264,794,18,mode1
1508047681761,1194,807,18,mode1
1508047681777,1181,808,18,mode1
1508047681794,1139,810,18,mode1
1508047681811,1111,810,18,mode1
1508047681827,1065,799,18,mode1
1508047681844,1052,793,18,mode1
1508047681861,1008,767,18,mode1
1508047681877,986,742,18,mode1
1508047681894,963,705,18,mode1
1508047681911,943,674,18,mode1
1508047681927,902,615,18,mode1
1508047681944,884,595,18,mode1
1508047681961,827,527,18,mode1
1508047681978,802,492,18,mode1
1508047681994,791,478,18,mode1
1508047682011,791,478,18,mode1
1508047682027,791,478,18,mode1
1508047682044,791,478,18,mode1
1508047682061,791,478,18,mode1
1508047682077,791,478,18,mode1
1508047682094,791,478,18,mode1
1508047682111,791,478,18,mode1
1508047682128,791,478,18,mode0
1508047682144,791,478,18,mode0
1508047682161,791,478,18,mode0
1508047682178,791,478,18,mode0
1508047682194,791,478,18,mode0
1508047682210,791,478,18,mode0
1508047682227,791,478,18,mode0
1508047682244,791,478,18,mode0
1508047682261,791,478,18,mode0
1508047682277,797,478,18,mode0
1508047682294,800,478,18,mode0
1508047682311,839,483,18,mode0
1508047682327,852,484,18,mode0
1508047682344,908,494,18,mode0
1508047682361,954,503,18,mode0
1508047682377,1030,515,18,mode0
1508047682394,1056,519,18,mode0
1508047682411,1140,532,18,mode0
1508047682428,1201,536,18,mode0
1508047682444,1231,538,18,mode0
1508047682460,1362,540,18,mode0
1508047682477,1393,540,18,mode0
1508047682495,1477,533,18,mode0
1508047682513,1535,525,18,mode0
1508047682529,1561,521,18,mode0
1508047682545,1569,520,18,mode0
1508047682562,1569,519,18,mode0
1508047682579,1569,517,18,mode0
1508047682596,1557,502,18,mode0
1508047682613,1537,486,18,mode0
1508047682629,1512,465,18,mode0
1508047682645,1508,462,18,mode0
1508047682663,1497,451,19,mode0
1508047682681,1458,426,19,mode0
1508047682697,1448,420,19,mode0
1508047682714,1388,405,19,mode0
1508047682731,1364,403,19,mode0
1508047682748,1311,403,19,mode0
1508047682765,1222,421,19,mode0
1508047682781,1166,448,19,mode0
1508047682798,1086,499,19,mode0
1508047682814,1014,559,19,mode0
1508047682830,994,577,19,mode0
1508047682847,953,613,19,mode0
1508047682865,914,651,19,mode0
1508047682881,907,654,19,mode0
1508047682898,904,655,19,mode0
1508047682915,904,655,19,mode0
1508047682930,897,648,19,mode0
1508047682948,883,628,19,mode0
1508047682964,871,601,19,mode0
1508047682981,869,577,19,mode0
1508047682997,879,540,19,mode0
1508047683015,885,530,19,mode0
1508047683031,908,500,20,mode0
1508047683050,920,489,20,mode0
1508047683067,921,489,20,mode0
1508047683084,921,489,20,mode0
1508047683100,925,492,20,mode0
1508047683117,933,499,20,mode0
1508047683134,963,537,20,mode0
1508047683151,981,559,20,mode0
1508047683168,1084,660,20,mode0
1508047683183,1111,681,20,mode0
1508047683201,1178,718,20,mode0
1508047683217,1207,728,20,mode0
1508047683234,1215,723,20,mode0
1508047683250,1217,717,20,mode0
1508047683268,1219,658,20,mode0
1508047683284,1219,645,20,mode0
1508047683301,1220,601,20,mode0
1508047683318,1222,573,20,mode0
1508047683334,1230,554,20,mode0
1508047683350,1233,549,20,mode0
1508047683366,1251,544,20,mode0
1508047683384,1270,542,21,mode0
1508047683403,1289,542,21,mode0
1508047683420,1295,542,21,mode0
1508047683437,1304,542,21,mode0
1508047683454,1307,542,21,mode0
1508047683470,1320,545,21,mode0
1508047683488,1344,555,21,mode0
1508047683505,1387,575,21,mode0
1508047683523,1406,584,21,mode0
1508047683539,1481,617,21,mode0
1508047683556,1537,643,21,mode0
1508047683572,1614,678,22,mode0
1508047683591,1670,704,22,mode0
1508047683608,1700,719,22,mode0
1508047683625,1713,723,22,mode0
1508047683641,1752,738,22,mode0
1508047683657,1781,746,22,mode0
1508047683674,1815,754,22,mode0
1508047683691,1824,755,22,mode0
1508047683707,1842,759,22,mode0
1508047683724,1846,761,22,mode0
1508047683740,1861,769,22,mode0
1508047683757,1879,783,22,mode0
1508047683774,1910,809,22,mode0
1508047683791,1919,819,22,mode0
1508047683808,1919,829,22,mode0
1508047683824,1919,839,22,mode0
1508047683840,1919,838,22,mode0
1508047683858,1919,836,22,mode0
1508047683874,1906,801,22,mode0
1508047683891,1900,792,22,mode0
1508047683907,1875,765,22,mode0
1508047683924,1855,751,22,mode0
1508047683941,1833,743,22,mode0
1508047683957,1827,742,22,mode0
1508047683974,1805,740,22,mode0
1508047683991,1775,749,22,mode0
1508047684008,1768,754,22,mode0
1508047684024,1725,781,22,mode0
1508047684041,1692,804,22,mode0
1508047684057,1652,830,22,mode0
1508047684074,1630,840,22,mode0
1508047684091,1622,843,22,mode0
1508047684107,1621,843,22,mode0
1508047684124,1603,841,22,mode0
1508047684141,1599,838,22,mode0
1508047684157,1558,819,22,mode0
1508047684175,1506,789,22,mode0
1508047684190,1426,738,22,mode0
1508047684208,1406,724,22,mode0
1508047684224,1358,685,22,mode0
1508047684241,1336,658,22,mode0
1508047684258,1307,622,23,mode0
1508047684281,1284,597,23,mode0
1508047684298,1280,592,23,mode0
1508047684314,1279,591,23,mode0
1508047684331,1279,590,23,mode0
1508047684348,1279,586,23,mode0
1508047684365,1275,581,23,mode0
1508047684381,1267,575,23,mode0
1508047684398,1265,574,23,mode0
1508047684414,1257,574,23,mode0
1508047684432,1253,574,23,mode0
1508047684449,1224,574,23,mode0
1508047684465,1189,576,23,mode0
1508047684483,1126,576,23,mode0
1508047684503,1070,578,24,mode0
1508047684522,1060,580,24,mode0
1508047684540,1033,583,24,mode0
1508047684556,1023,585,24,mode0
1508047684573,1011,586,24,mode0
1508047684589,1006,586,24,mode0
1508047684606,1001,586,24,mode0
1508047684623,1000,587,24,mode0
1508047684639,995,590,24,mode0
1508047684656,993,592,24,mode0
1508047684673,993,593,24,mode0
1508047684689,993,593,24,mode0
1508047684706,993,593,24,mode0
1508047684723,992,591,24,mode0
1508047684740,992,576,25,mode0
1508047684757,992,566,25,mode0
1508047684775,992,552,25,mode0
1508047684791,992,547,25,mode0
1508047684808,995,529,25,mode0
1508047684824,997,521,25,mode0
1508047684840,997,517,25,mode0
1508047684858,997,516,25,mode0
1508047684875,997,516,25,mode0
1508047684891,997,516,25,mode0
1508047684907,997,516,25,mode0
1508047684924,991,515,25,mode0
1508047684941,972,509,25,mode0
1508047684957,969,508,26,mode0
1508047684975,963,504,26,mode0
1508047684993,963,503,26,mode0
1508047685009,960,498,26,mode0
1508047685025,958,493,26,mode0
1508047685042,957,489,26,mode0
1508047685059,957,487,26,mode0
1508047685076,957,482,26,mode0
1508047685092,959,475,26,mode0
1508047685109,961,473,26,mode0
1508047685126,973,460,26,mode0
1508047685142,976,459,26,mode0
1508047685159,980,456,26,mode0
1508047685176,982,455,27,mode0
1508047685194,985,453,27,mode0
1508047685212,990,449,27,mode0
1508047685227,991,449,27,mode0
1508047685244,993,448,27,mode0
1508047685261,993,448,27,mode0
1508047685278,993,448,27,mode0
1508047685294,993,448,27,mode0
1508047685311,993,448,27,mode0
1508047685327,988,448,27,mode0
1508047685345,978,448,27,mode0
1508047685362,945,448,27,mode0
1508047685378,932,448,27,mode0
1508047685395,884,444,27,mode0
1508047685411,879,443,27,mode0
1508047685428,865,442,28,mode0
1508047685446,864,442,28,mode0
1508047685464,864,442,28,mode0
1508047685481,863,441,28,mode0
1508047685500,859,440,28,mode0
1508047685517,848,436,28,mode0
1508047685534,842,433,28,mode0
1508047685551,836,433,28,mode0
1508047685567,834,433,28,mode0
1508047685583,827,433,28,mode0
1508047685600,824,433,28,mode0
1508047685617,811,433,28,mode0
1508047685635,774,433,28,mode0
1508047685650,739,434,28,mode0
1508047685667,729,434,28,mode0
1508047685684,694,436,28,mode0
1508047685700,668,436,28,mode0
1508047685718,658,436,28,mode0
1508047685735,627,434,28,mode0
1508047685751,607,434,28,mode0
1508047685768,607,433,28,mode0
1508047685784,607,433,28,mode0
1508047685801,605,429,28,mode0
1508047685817,605,428,28,mode0
1508047685834,604,424,29,mode0
1508047685852,605,421,29,mode0
1508047685869,606,421,29,mode0
1508047685885,613,418,29,mode0
1508047685902,616,417,29,mode0
1508047685919,620,416,29,mode0
1508047685935,626,414,29,mode0
1508047685952,629,414,29,mode0
1508047685970,629,414,29,mode0
1508047685986,629,414,29,mode0
1508047686002,629,422,29,mode0
1508047686018,629,424,29,mode0
1508047686035,624,449,29,mode0
1508047686052,610,480,29,mode0
1508047686069,578,530,29,mode0
1508047686085,564,548,29,mode0
1508047686102,515,596,29,mode0
1508047686119,484,620,30,mode0
1508047686137,449,649,30,mode0
1508047686154,440,657,30,mode0
1508047686171,436,660,30,mode0
1508047686187,435,661,30,mode0
1508047686204,434,662,30,mode0
1508047686220,434,662,30,mode0
1508047686238,434,662,30,mode0
1508047686254,434,662,30,mode0
1508047686270,434,662,30,mode0
1508047686288,434,662,30,mode0
1508047686304,434,662,30,mode0
1508047686330,434,662,30,mode0
1508047686351,434,662,30,mode0
1508047686369,434,662,30,mode0
1508047686385,435,662,30,mode0
1508047686403,438,662,30,mode0
1508047686420,482,653,30,mode0
1508047686436,488,652,30,mode0
1508047686452,536,641,30,mode0
1508047686470,582,628,30,mode0
1508047686486,657,609,30,mode0
1508047686503,719,591,30,mode0
1508047686520,732,587,30,mode0
1508047686537,756,577,30,mode0
1508047686553,763,573,30,mode0
1508047686570,764,569,30,mode0
1508047686587,765,566,30,mode0
1508047686604,766,566,30,mode0
1508047686620,766,565,30,mode0
1508047686637,766,565,30,mode0
1508047686653,768,561,31,mode0
1508047686672,768,560,31,mode0
1508047686689,768,556,31,mode0
1508047686706,768,554,31,mode0
1508047686722,768,554,31,mode0
1508047686739,768,554,31,mode0
1508047686756,768,554,31,mode0
1508047686772,768,554,31,mode0
1508047686790,768,553,31,mode0
1508047686806,766,552,31,mode0
1508047686823,759,548,31,mode0
1508047686839,754,547,31,mode0
1508047686856,746,545,31,mode0
1508047686872,744,545,31,mode0
1508047686888,737,540,31,mode0
1508047686905,731,536,31,mode0
1508047686922,712,525,31,mode0
1508047686939,705,523,31,mode0
1508047686956,675,509,31,mode0
1508047686973,659,502,31,mode0
1508047686989,649,496,31,mode0
1508047687006,648,495,31,mode0
1508047687022,647,494,31,mode0
1508047687040,647,493,31,mode0
1508047687056,644,491,31,mode0
1508047687073,640,490,31,mode0
1508047687089,635,490,32,mode0
1508047687108,633,492,32,mode0
1508047687125,620,505,32,mode0
1508047687141,604,521,32,mode0
1508047687158,574,556,33,mode0
1508047687177,564,566,33,mode0
1508047687195,547,582,33,mode0
1508047687211,547,582,33,mode0
1508047687227,547,582,33,mode0
1508047687244,547,582,33,mode0
1508047687261,546,576,33,mode0
1508047687278,546,565,33,mode0
1508047687295,546,540,33,mode0
1508047687311,546,530,33,mode0
1508047687327,546,493,33,mode0
1508047687344,538,471,33,mode0
1508047687361,535,458,33,mode0
1508047687378,534,458,33,mode0
1508047687394,531,457,33,mode0
1508047687411,529,457,33,mode0
1508047687427,521,457,33,mode0
1508047687444,505,457,33,mode0
1508047687461,470,462,33,mode0
1508047687478,462,463,33,mode0
1508047687496,435,466,33,mode0
1508047687514,429,466,33,mode0
1508047687532,422,466,33,mode0
1508047687547,420,466,33,mode0
1508047687565,413,467,33,mode0
1508047687581,412,467,33,mode0
1508047687599,408,467,33,mode0
1508047687615,402,467,34,mode0
1508047687636,390,467,34,mode0
1508047687653,374,464,34,mode0
1508047687669,371,462,34,mode0
1508047687687,366,456,34,mode0
1508047687703,366,453,34,mode0
1508047687720,366,446,34,mode0
1508047687737,371,442,34,mode0
1508047687753,398,437,34,mode0
1508047687770,408,435,34,mode0
1508047687787,461,434,34,mode0
1508047687804,500,434,34,mode0
1508047687821,573,434,34,mode0
1508047687838,595,435,35,mode0
1508047687858,648,435,35,mode0
1508047687876,676,437,35,mode0
1508047687892,691,437,35,mode0
1508047687908,698,438,35,mode0
1508047687926,698,438,35,mode0
1508047687942,698,438,35,mode0
1508047687959,698,439,35,mode0
1508047687976,699,439,35,mode0
1508047687993,701,442,35,mode0
1508047688010,704,445,35,mode0
1508047688026,722,461,35,mode0
1508047688042,727,466,35,mode0
1508047688059,756,486,35,mode0
1508047688076,766,490,35,mode0
1508047688093,775,494,35,mode0
1508047688109,779,494,35,mode0
1508047688125,805,493,35,mode0
1508047688141,810,491,35,mode0
1508047688159,822,483,35,mode0
1508047688175,829,476,35,mode0
1508047688260,751,439,35,mode0
1508047688277,742,438,35,mode0
1508047688293,727,436,35,mode0
1508047688311,729,436,35,mode0
1508047688328,742,436,35,mode0
1508047688345,750,437,35,mode0
1508047688361,753,437,35,mode0
1508047688378,753,437,35,mode0
1508047688395,756,437,35,mode0
1508047688411,762,437,35,mode0
1508047688428,774,437,35,mode0
1508047688444,782,435,35,mode0
1508047688461,786,433,36,mode0
1508047688479,795,428,36,mode0
1508047688497,804,423,36,mode0
1508047688514,807,422,36,mode0
1508047688531,809,422,36,mode0
1508047688548,809,422,36,mode0
1508047688564,809,422,36,mode0
1508047688581,809,422,36,mode0
1508047688597,809,423,36,mode0
1508047688614,814,436,36,mode0
1508047688631,836,473,36,mode0
1508047688647,842,480,36,mode0
1508047688664,862,509,36,mode0
1508047688680,911,555,36,mode0
1508047688697,929,569,36,mode0
1508047688714,995,596,36,mode0
1508047688731,1046,613,36,mode0
1508047688747,1112,623,36,mode0
1508047688764,1149,623,36,mode0
1508047688780,1191,623,37,mode0
1508047688797,1197,623,37,mode0
1508047688814,1211,622,37,mode0
1508047688831,1213,620,37,mode0
1508047688848,1213,619,37,mode0
1508047688865,1213,618,37,mode0
1508047688882,1213,616,37,mode0
1508047688898,1213,615,37,mode0
1508047688914,1211,613,37,mode0
1508047688930,1209,610,37,mode0
1508047688948,1203,606,37,mode0
1508047688965,1200,604,37,mode0
1508047688981,1189,599,37,mode0
1508047688998,1180,595,37,mode0
1508047689014,1166,585,37,mode0
1508047689031,1148,571,37,mode0
1508047689048,1139,563,37,mode0
1508047689064,1114,538,37,mode0
1508047689081,1108,529,37,mode0
1508047689098,1105,514,37,mode0
1508047689114,1103,494,37,mode0
1508047689131,1103,483,37,mode0
1508047689147,1103,480,37,mode0
1508047689164,1103,469,38,mode0
1508047689182,1105,462,38,mode0
1508047689199,1105,461,38,mode0
1508047689216,1105,460,38,mode0
1508047689232,1104,460,38,mode0
1508047689249,1099,460,38,mode0
1508047689266,1080,478,38,mode0
1508047689282,1060,501,38,mode0
1508047689299,1046,519,38,mode0
1508047689315,1024,548,38,mode0
1508047689332,996,580,39,mode0
1508047689349,987,591,39,mode0
1508047689366,985,594,39,mode0
1508047689382,985,595,39,mode0
1508047689400,985,595,39,mode0
1508047689416,985,595,39,mode0
1508047689433,984,595,39,mode0
1508047689450,982,595,39,mode0
1508047689466,980,595,39,mode0
1508047689483,980,595,39,mode0
1508047689504,976,588,39,mode0
1508047689521,971,576,39,mode0
1508047689537,964,560,39,mode0
1508047689554,949,534,39,mode0
1508047689571,943,527,39,mode0
1508047689588,927,509,39,mode0
1508047689604,920,500,39,mode0
1508047689621,916,495,39,mode0
1508047689638,915,492,39,mode0
1508047689654,911,486,39,mode0
1508047689671,910,485,39,mode0
1508047689688,904,479,39,mode0
1508047689705,902,478,39,mode0
1508047689721,902,478,39,mode0
1508047689738,902,478,39,mode0
1508047689754,902,478,39,mode0
1508047689770,902,478,39,mode0
1508047689788,902,480,39,mode0
1508047689804,908,491,39,mode0
1508047689821,912,494,39,mode0
1508047689838,952,517,39,mode0
1508047689854,1000,536,39,mode0
1508047689871,1078,559,39,mode0
1508047689888,1104,565,39,mode0
1508047689903,1185,582,40,mode0
1508047689922,1196,582,40,mode0
1508047689939,1212,584,40,mode0
1508047689955,1215,584,40,mode0
1508047689972,1219,582,40,mode0
1508047689988,1221,581,40,mode0
1508047690005,1234,577,40,mode0
1508047690022,1236,577,40,mode0
1508047690038,1244,577,40,mode0
1508047690055,1249,577,40,mode0
1508047690071,1254,577,40,mode0
1508047690089,1269,582,40,mode0
1508047690105,1314,606,40,mode0
1508047690122,1356,631,40,mode0
1508047690139,1431,660,40,mode0
1508047690155,1450,668,40,mode0
1508047690172,1496,682,40,mode0
1508047690188,1552,694,41,mode0
1508047690206,1596,700,41,mode0
1508047690224,1622,702,41,mode0
1508047690239,1630,702,41,mode0
1508047690257,1663,704,41,mode0
1508047690273,1676,704,41,mode0
1508047690289,1679,704,41,mode0
1508047690307,1679,704,41,mode0
1508047690323,1674,704,41,mode0
1508047690340,1671,704,41,mode0
1508047690358,1657,704,41,mode0
1508047690373,1641,704,41,mode0
1508047690390,1602,704,41,mode0
1508047690407,1580,704,41,mode0
1508047690423,1475,704,41,mode0
1508047690440,1343,707,41,mode0
1508047690457,1162,712,41,mode0
1508047690473,1118,712,41,mode0
1508047690490,947,696,41,mode0
1508047690508,921,692,41,mode0
1508047690524,850,667,41,mode0
1508047690541,815,647,41,mode0
1508047690558,779,612,41,mode0
1508047690575,771,600,41,mode0
1508047690591,756,572,41,mode0
1508047690609,752,562,41,mode0
1508047690625,745,553,41,mode0
1508047690641,728,542,41,mode0
1508047690658,706,538,41,mode0
1508047690674,699,536,41,mode0
1508047690691,682,536,41,mode0
1508047690708,669,539,41,mode0
1508047690724,665,543,41,mode0
1508047690741,664,545,41,mode0
1508047690758,664,550,41,mode0
1508047690775,664,551,41,mode0
1508047690791,666,552,41,mode0
1508047690808,681,556,41,mode0
1508047690825,688,557,41,mode0
1508047690842,698,561,41,mode0
1508047690858,691,571,41,mode0
1508047690875,686,575,41,mode0
1508047690892,658,595,41,mode0
1508047690908,602,633,41,mode0
1508047690925,582,647,41,mode0
1508047690942,522,682,41,mode0
1508047690958,476,705,41,mode0
1508047690975,416,738,41,mode0
1508047690991,403,744,42,mode0
1508047691010,381,759,42,mode0
1508047691027,381,760,42,mode0
1508047691043,380,763,42,mode0
1508047691060,380,764,42,mode0
1508047691077,380,766,42,mode0
1508047691093,380,766,42,mode0
1508047691110,380,770,42,mode0
1508047691127,380,775,42,mode0
1508047691143,380,798,42,mode0
1508047691170,382,837,42,mode0
1508047691187,395,872,42,mode0
1508047691204,409,896,42,mode0
1508047691221,437,925,42,mode0
1508047691237,450,932,42,mode0
1508047691254,492,951,42,mode0
1508047691271,524,961,42,mode0
1508047691286,587,971,42,mode0
1508047691303,611,971,42,mode0
1508047691320,669,971,42,mode0
1508047691337,761,966,42,mode0
1508047691353,821,957,43,mode0
1508047691372,906,936,43,mode0
1508047691388,976,905,43,mode0
1508047691406,992,896,43,mode0
1508047691422,1035,870,43,mode0
1508047691438,1051,854,43,mode0
1508047691455,1055,848,43,mode0
1508047691472,1055,846,43,mode0
1508047691489,1055,843,43,mode0
1508047691506,1053,839,43,mode0
1508047691523,1049,832,43,mode0
1508047691539,1043,823,43,mode0
1508047691555,1040,810,43,mode0
1508047691572,1040,802,43,mode0
1508047691589,1040,797,43,mode0
1508047691605,1040,784,43,mode0
1508047691622,1038,776,43,mode0
1508047691639,1034,762,43,mode0
1508047691656,1034,759,43,mode0
1508047691673,1034,738,43,mode0
1508047691689,1040,723,43,mode0
1508047691706,1051,702,43,mode0
1508047691722,1059,693,43,mode0
1508047691739,1065,687,43,mode0
1508047691756,1066,686,43,mode0
1508047691772,1067,686,44,mode0
1508047691789,1067,686,44,mode0
1508047691807,1067,686,44,mode0
1508047691823,1067,686,44,mode0
1508047691840,1061,685,44,mode0
1508047691857,1056,685,44,mode0
1508047691873,1040,680,44,mode0
1508047691890,1018,672,44,mode0
1508047691906,999,668,44,mode0
1508047691923,964,659,44,mode0
1508047691939,920,651,44,mode0
1508047691957,838,641,44,mode0
1508047691973,787,637,44,mode0
1508047691989,778,637,44,mode0
1508047692006,772,637,44,mode0
1508047692022,769,636,44,mode0
1508047692039,761,633,44,mode0
1508047692056,731,628,44,mode0
1508047692074,725,627,44,mode0
1508047692090,701,624,44,mode0
1508047692107,691,622,44,mode0
1508047692124,682,620,44,mode0
1508047692140,679,619,44,mode0
1508047692157,668,614,44,mode0
1508047692173,666,613,44,mode0
1508047692190,661,609,44,mode0
1508047692206,660,607,44,mode0
1508047692223,658,599,44,mode0
1508047692241,657,597,44,mode0
1508047692257,656,591,44,mode0
1508047692272,655,590,44,mode0
1508047692289,653,590,44,mode0
1508047692306,650,590,44,mode0
1508047692323,636,590,44,mode0
1508047692340,631,590,44,mode0
1508047692357,598,602,44,mode0
1508047692373,561,618,44,mode0
1508047692390,501,640,44,mode0
1508047692406,486,645,45,mode0
1508047692424,449,658,45,mode0
1508047692441,443,659,45,mode0
1508047692457,442,659,45,mode0
1508047692474,441,660,45,mode0
1508047692491,438,660,46,mode0
1508047692513,437,660,46,mode0
1508047692530,437,660,46,mode0
1508047692546,437,660,46,mode0
1508047692563,437,660,46,mode0
1508047692580,437,660,46,mode0
1508047692596,437,659,46,mode0
1508047692613,437,656,46,mode0
1508047692629,442,644,46,mode0
1508047692646,446,634,46,mode0
1508047692664,457,623,46,mode0
1508047692680,461,620,46,mode0
1508047692696,472,615,46,mode0
1508047692713,491,614,46,mode0
1508047692730,497,614,46,mode0
1508047692746,513,612,46,mode0
1508047692763,537,608,46,mode0
1508047692780,543,604,46,mode0
1508047692796,568,589,46,mode0
1508047692813,579,581,46,mode0
1508047692829,590,568,46,mode0
1508047692846,593,563,46,mode0
1508047692863,605,532,46,mode0
1508047692879,606,527,46,mode0
1508047692896,610,513,46,mode0
1508047692913,613,503,46,mode0
1508047692929,614,496,46,mode0
1508047692946,614,494,46,mode0
1508047692963,614,491,46,mode0
1508047692980,614,487,46,mode0
1508047692997,614,486,46,mode0
1508047693013,613,477,46,mode0
1508047693029,610,472,47,mode0
1508047693048,609,471,47,mode0
1508047693065,609,471,47,mode0
1508047693082,609,471,47,mode0
1508047693098,609,471,47,mode0
1508047693115,609,471,47,mode0
1508047693132,614,471,47,mode0
1508047693148,627,471,47,mode0
1508047693165,649,471,47,mode0
1508047693181,695,476,47,mode0
1508047693198,751,488,47,mode0
1508047693215,767,490,47,mode0
1508047693231,799,500,47,mode0
1508047693248,807,502,48,mode0
1508047693266,812,504,48,mode0
1508047693283,813,505,48,mode0
1508047693300,821,512,48,mode0
1508047693316,824,514,48,mode0
1508047693333,838,524,48,mode0
1508047693350,864,547,48,mode0
1508047693367,871,556,48,mode0
1508047693384,900,599,49,mode0
1508047693402,924,660,49,mode0
1508047693418,933,692,49,mode0
1508047693435,941,725,49,mode0
1508047693451,941,728,49,mode0
1508047693469,931,728,49,mode0
1508047693486,927,727,49,mode0
1508047693503,898,713,49,mode0
1508047693520,874,701,49,mode0
1508047693536,840,683,49,mode0
1508047693554,829,678,49,mode0
1508047693570,797,671,49,mode0
1508047693587,773,665,49,mode0
1508047693603,764,664,49,mode0
1508047693619,732,657,49,mode0
1508047693636,706,653,49,mode0
1508047693654,671,647,49,mode0
1508047693670,647,645,49,mode0
1508047693687,625,642,49,mode0
1508047693704,622,642,49,mode0
1508047693720,614,638,50,mode0
1508047693739,590,627,50,mode0
1508047693756,587,626,50,mode0
1508047693772,575,625,50,mode0
1508047693789,567,625,50,mode0
1508047693806,561,625,50,mode0
1508047693823,522,625,50,mode0
1508047693840,484,625,51,mode0
1508047693858,436,628,51,mode0
1508047693875,402,628,51,mode0
1508047693892,373,623,51,mode0
1508047693909,323,609,52,mode0
1508047693928,307,606,52,mode0
1508047693945,274,598,52,mode0
1508047693963,261,596,52,mode0
1508047693979,254,595,52,mode0
1508047693996,254,595,52,mode0
1508047694012,254,595,52,mode0
1508047694028,254,595,52,mode0
1508047694045,252,604,52,mode0
1508047694062,248,628,52,mode0
1508047694078,248,661,52,mode0
1508047694095,248,667,52,mode0
1508047694112,251,683,52,mode0
1508047694128,260,691,52,mode0
1508047694145,291,699,52,mode0
1508047694161,307,703,52,mode0
1508047694178,349,707,52,mode0
1508047694195,426,709,52,mode0
1508047694212,453,711,52,mode0
1508047694228,567,711,52,mode0
1508047694244,646,711,52,mode0
1508047694262,668,711,52,mode0
1508047694279,736,711,52,mode0
1508047694295,778,711,52,mode0
1508047694312,831,711,52,mode0
1508047694329,844,711,52,mode0
1508047694345,877,711,52,mode0
1508047694362,909,710,52,mode0
1508047694378,918,710,52,mode0
1508047694395,926,709,52,mode0
1508047694412,931,709,53,mode0
1508047694431,953,707,53,mode0
1508047694448,1012,707,53,mode0
1508047694465,1012,707,53,mode0
1508047694481,1064,707,53,mode0
1508047694500,1077,706,53,mode0
1508047694517,1080,702,53,mode0
1508047694534,1081,701,53,mode0
1508047694551,1084,700,53,mode0
1508047694567,1090,698,53,mode0
1508047694584,1104,694,54,mode0
1508047694602,1114,689,54,mode0
1508047694619,1124,686,54,mode0
1508047694636,1129,685,54,mode0
1508047694652,1147,677,54,mode0
1508047694669,1157,673,54,mode0
1508047694685,1164,667,54,mode0
1508047694702,1164,666,54,mode0
1508047694718,1165,661,54,mode0
1508047694735,1163,654,54,mode0
1508047694752,1154,643,54,mode0
1508047694768,1148,636,54,mode0
1508047694786,1148,634,54,mode0
1508047694802,1147,626,55,mode0
1508047694819,1145,610,55,mode0
1508047694836,1145,604,55,mode0
1508047694852,1144,603,55,mode0
1508047694869,1144,603,55,mode0
1508047694886,1144,603,55,mode0
1508047694903,1144,606,55,mode0
1508047694919,1144,607,55,mode0
1508047694936,1158,653,55,mode0
1508047694953,1169,670,55,mode0
1508047694969,1226,735,55,mode0
1508047694986,1278,776,55,mode0
1508047695003,1351,822,55,mode0
1508047695019,1373,832,55,mode0
1508047695036,1431,858,55,mode0
1508047695052,1468,868,55,mode0
1508047695070,1529,878,56,mode0
1508047695089,1584,886,56,mode0
1508047695107,1619,891,56,mode0
1508047695123,1660,894,56,mode0
1508047695140,1666,894,56,mode0
1508047695157,1671,894,56,mode0
1508047695173,1671,894,57,mode0
1508047695192,1673,892,57,mode0
1508047695209,1677,887,57,mode0
1508047695226,1680,883,58,mode0
1508047695245,1689,877,58,mode0
1508047695263,1692,875,58,mode0
1508047695278,1705,870,58,mode0
1508047695296,1719,860,58,mode0
1508047695312,1724,856,58,mode0
1508047695329,1742,835,58,mode0
1508047695346,1744,833,58,mode0
1508047695362,1748,825,59,mode0
1508047695379,1748,822,59,mode0
1508047695396,1748,820,59,mode0
1508047695412,1748,820,59,mode0
1508047695430,1745,820,59,mode0
1508047695447,1742,820,59,mode0
1508047695463,1732,820,59,mode0
1508047695479,1710,818,59,mode0
1508047695496,1689,816,59,mode0
1508047695513,1654,814,59,mode0
1508047695530,1570,810,59,mode0
1508047695547,1473,798,59,mode0
1508047695562,1291,770,59,mode0
1508047695580,1245,764,59,mode0
1508047695597,1070,735,59,mode0
1508047695613,1012,724,59,mode0
1508047695629,965,714,59,mode0
1508047695647,954,713,59,mode0
1508047695663,886,705,59,mode0
1508047695679,864,703,59,mode0
1508047695696,787,694,59,mode0
1508047695714,734,692,59,mode0
1508047695731,665,690,59,mode0
1508047695746,647,690,59,mode0
1508047695763,603,690,59,mode0
1508047695781,537,691,59,mode0
1508047695797,491,697,59,mode0
1508047695813,430,712,59,mode0
1508047695830,417,715,59,mode0
1508047695846,377,735,59,mode0
1508047695863,351,747,59,mode0
1508047695880,326,760,59,mode0
1508047695896,318,762,59,mode0
1508047695913,303,762,59,mode0
1508047695930,299,762,59,mode0
1508047695946,290,756,59,mode0
1508047695964,281,744,59,mode0
1508047695980,270,719,59,mode0
1508047695997,269,715,59,mode0
1508047696013,267,698,59,mode0
1508047696030,271,688,59,mode0
1508047696047,286,674,61,mode0
1508047696066,308,668,61,mode0
1508047696084,323,664,61,mode0
1508047696100,330,663,61,mode0
1508047696116,358,661,61,mode0
1508047696133,368,661,61,mode0
1508047696150,374,661,61,mode0
1508047696167,374,661,62,mode0
1508047696185,375,661,62,mode0
1508047696202,375,661,62,mode0
1508047696219,375,661,62,mode0
1508047696236,376,662,62,mode0
1508047696252,378,665,62,mode0
1508047696269,379,665,62,mode0
1508047696285,381,667,62,mode0
1508047696301,383,667,63,mode0
1508047696319,385,667,63,mode0
1508047696336,385,667,63,mode0
1508047696353,386,667,63,mode0
1508047696370,386,667,63,mode0
1508047696386,386,664,63,mode0
1508047696402,386,662,63,mode0
1508047696420,384,657,63,mode0
1508047696437,384,656,63,mode0
1508047696453,380,654,63,mode0
1508047696469,376,652,63,mode0
1508047696486,372,650,63,mode0
1508047696505,369,650,63,mode0
1508047696522,365,650,63,mode0
1508047696538,365,650,63,mode0
1508047696555,364,650,63,mode0
1508047696572,364,650,63,mode0
1508047696590,364,650,63,mode0
1508047696606,366,650,63,mode0
1508047696623,374,648,63,mode0
1508047696640,379,648,63,mode0
1508047696657,393,644,63,mode0
1508047696673,415,638,63,mode0
1508047696690,454,631,63,mode0
1508047696707,467,628,63,mode0
1508047696723,500,615,63,mode0
1508047696740,511,607,63,mode0
1508047696756,514,593,63,mode0
1508047696774,516,577,63,mode0
1508047696791,516,564,63,mode0
1508047696807,516,560,63,mode0
1508047696824,516,556,64,mode0
1508047696842,516,554,64,mode0
1508047696858,516,554,64,mode0
1508047696876,516,554,64,mode0
1508047696892,520,553,64,mode0
1508047696909,522,552,64,mode0
1508047696926,530,551,64,mode0
1508047696943,538,549,64,mode0
1508047696958,554,545,64,mode0
1508047696976,558,543,64,mode0
1508047696993,583,538,64,mode0
1508047697009,605,532,64,mode0
1508047697026,627,523,64,mode0
1508047697043,638,519,64,mode0
1508047697059,650,513,64,mode0
1508047697076,653,511,64,mode0
1508047697093,663,510,64,mode0
1508047697110,663,510,64,mode0
1508047697125,701,504,64,mode0
1508047697143,707,503,64,mode0
1508047697159,722,503,65,mode0
1508047697178,733,503,65,mode0
1508047697196,752,503,65,mode0
1508047697212,774,504,65,mode0
1508047697229,791,505,65,mode0
1508047697245,824,511,65,mode0
1508047697262,887,524,65,mode0
1508047697279,936,534,65,mode0
1508047697295,1009,551,65,mode0
1508047697312,1033,557,65,mode0
1508047697328,1089,570,65,mode0
1508047697345,1169,589,65,mode0
1508047697362,1193,593,65,mode0
1508047697378,1250,603,65,mode0
1508047697395,1273,605,65,mode0
1508047697412,1273,605,65,mode0
1508047697429,1274,606,65,mode0
1508047697446,1280,609,65,mode0
1508047697461,1283,612,65,mode0
1508047697478,1314,643,65,mode0
1508047697496,1320,653,65,mode0
1508047697513,1343,698,65,mode0
1508047697529,1364,729,65,mode0
1508047697546,1399,769,66,mode0
1508047697563,1433,805,67,mode0
1508047697581,1442,812,67,mode0
1508047697598,1462,832,67,mode0
1508047697615,1487,852,67,mode0
1508047697631,1498,858,67,mode0
1508047697648,1512,863,67,mode0
1508047697665,1518,866,67,mode0
1508047697681,1541,869,67,mode0
1508047697698,1554,869,67,mode0
1508047697714,1564,869,67,mode0
1508047697731,1566,869,67,mode0
1508047697748,1574,871,67,mode0
1508047697764,1585,871,67,mode0
1508047697782,1595,871,67,mode0
1508047697798,1600,870,67,mode0
1508047697814,1609,864,67,mode0
1508047697832,1612,860,67,mode0
1508047697847,1621,846,67,mode0
1508047697865,1629,835,67,mode0
1508047697881,1634,825,67,mode0
1508047697898,1634,825,67,mode0
1508047697914,1631,805,67,mode0
1508047697931,1628,801,67,mode0
1508047697948,1620,785,67,mode0
1508047697965,1617,774,67,mode0
1508047697982,1617,761,67,mode0
1508047697998,1617,757,68,mode0
1508047698015,1621,750,68,mode0
1508047698032,1623,748,68,mode0
1508047698049,1625,746,68,mode0
1508047698066,1626,745,68,mode0
1508047698082,1626,745,68,mode0
1508047698099,1627,745,68,mode0
1508047698116,1627,745,68,mode0
1508047698132,1627,745,68,mode0
1508047698149,1611,747,68,mode0
1508047698165,1603,749,68,mode0
1508047698183,1572,753,68,mode0
1508047698199,1513,757,68,mode0
1508047698216,1494,757,68,mode0
1508047698233,1417,757,68,mode0
1508047698249,1361,757,68,mode0
1508047698265,1290,754,68,mode0
1508047698281,1248,747,68,mode0
1508047698299,1205,742,68,mode0
1508047698315,1197,740,68,mode0
1508047698332,1185,738,68,mode0
1508047698350,1179,735,68,mode0
1508047698366,1169,730,68,mode0
1508047698382,1159,726,68,mode0
1508047698399,1142,720,68,mode0
1508047698416,1137,717,68,mode0
1508047698432,1117,711,68,mode0
1508047698449,1101,708,68,mode0
1508047698465,1088,702,68,mode0
1508047698482,1078,699,68,mode0
1508047698501,1059,695,69,mode0
1508047698519,1035,688,69,mode0
1508047698536,1028,687,69,mode0
1508047698552,1006,685,69,mode0
1508047698568,967,684,69,mode0
1508047698586,957,682,69,mode0
1508047698602,920,682,70,mode0
1508047698619,898,682,70,mode0
1508047698636,879,682,70,mode0
1508047698653,873,682,70,mode0
1508047698670,866,682,70,mode0
1508047698687,863,682,70,mode0
1508047698703,847,677,70,mode0
1508047698720,823,667,70,mode0
1508047698737,789,649,70,mode0
1508047698753,782,643,70,mode0
1508047698770,768,625,70,mode0
1508047698787,767,622,70,mode0
1508047698804,764,615,70,mode0
1508047698820,764,611,70,mode0
1508047698836,763,606,71,mode0
1508047698854,763,604,71,mode0
1508047698871,763,598,71,mode0
1508047698888,765,596,71,mode0
1508047698904,770,593,71,mode0
1508047698921,771,592,71,mode0
1508047698937,771,591,71,mode0
1508047698954,772,591,71,mode0
1508047698971,777,592,71,mode0
1508047698987,793,597,71,mode0
1508047699004,801,601,71,mode0
1508047699021,844,626,71,mode0
1508047699037,881,649,72,mode0
1508047699055,930,680,72,mode0
1508047699072,959,701,72,mode0
1508047699088,1000,725,72,mode0
1508047699104,1046,750,72,mode0
1508047699122,1060,759,72,mode0
1508047699139,1091,775,72,mode0
1508047699155,1132,794,73,mode0
1508047699173,1153,800,73,mode0
1508047699190,1155,801,73,mode0
1508047699207,1162,803,73,mode0
1508047699223,1164,804,73,mode0
1508047699241,1177,810,73,mode0
1508047699256,1199,822,73,mode0
1508047699273,1207,824,73,mode0
1508047699290,1244,839,73,mode0
1508047699307,1270,847,73,mode0
1508047699323,1303,856,73,mode0
1508047699340,1313,857,73,mode0
1508047699357,1374,869,73,mode0
1508047699374,1387,869,73,mode0
1508047699390,1420,869,73,mode0
1508047699406,1433,864,73,mode0
1508047699424,1452,851,73,mode0
1508047699440,1455,847,73,mode0
1508047699457,1475,826,73,mode0
1508047699473,1484,812,73,mode0
1508047699490,1489,797,73,mode0
1508047699507,1490,789,73,mode0
1508047699523,1490,776,73,mode0
1508047699540,1491,774,73,mode0
1508047699557,1493,765,73,mode0
1508047699574,1493,762,73,mode0
1508047699590,1493,756,73,mode0
1508047699606,1493,755,73,mode0
1508047699624,1494,749,73,mode0
1508047699640,1494,744,73,mode0
1508047699657,1493,740,73,mode0
1508047699674,1485,733,73,mode0
1508047699691,1471,723,73,mode0
1508047699706,1462,717,73,mode0
1508047699723,1442,705,73,mode0
1508047699739,1382,677,73,mode0
1508047699757,1356,667,73,mode0
1508047699774,1274,636,74,mode0
1508047699791,1226,617,74,mode0
1508047699808,1226,617,74,mode0
1508047699825,1226,617,74,mode0
1508047699841,1223,617,74,mode0
1508047699858,1218,619,74,mode0
1508047699875,1204,625,74,mode0
1508047699892,1182,637,74,mode0
1508047699908,1143,655,74,mode0
1508047699925,1132,660,74,mode0
1508047699942,1091,677,74,mode0
1508047699959,1060,687,74,mode0
1508047699975,1019,695,74,mode0
1508047699991,991,699,74,mode0
1508047700008,952,702,74,mode0
1508047700025,944,704,74,mode0
1508047700041,905,706,74,mode0
1508047700059,880,708,74,mode0
1508047700075,844,712,74,mode0
1508047700091,835,714,74,mode0
1508047700108,800,730,74,mode0
1508047700125,774,745,74,mode0
1508047700142,736,771,74,mode0
1508047700159,712,787,74,mode0
1508047700175,684,803,74,mode0
1508047700191,679,807,74,mode0
1508047700208,668,812,74,mode0
1508047700224,659,814,74,mode0
1508047700241,655,814,74,mode0
1508047700258,640,818,74,mode0
1508047700275,637,820,74,mode0
1508047700291,627,828,74,mode0
1508047700308,620,836,74,mode0
1508047700324,608,849,74,mode0
1508047700341,604,854,74,mode0
1508047700358,585,873,74,mode0
1508047700375,583,874,74,mode0
1508047700392,578,877,74,mode0
1508047700407,572,879,74,mode0
1508047700424,564,883,74,mode0
1508047700442,561,885,74,mode0
1508047700459,544,898,75,mode0
1508047700477,528,914,75,mode0
1508047700494,516,924,75,mode0
1508047700511,506,937,75,mode0
1508047700528,504,940,75,mode0
1508047700545,504,941,75,mode0
1508047700561,504,941,75,mode0
1508047700578,504,941,75,mode0
1508047700595,504,941,75,mode0
1508047700612,504,941,75,mode0
1508047700629,504,941,75,mode0
1508047700645,505,941,75,mode0
1508047700661,518,937,75,mode0
1508047700678,524,933,75,mode0
1508047700695,557,915,75,mode0
1508047700711,581,897,75,mode0
1508047700728,613,869,75,mode0
1508047700745,627,849,75,mode0
1508047700762,635,839,75,mode0
1508047700779,637,836,75,mode0
1508047700795,643,825,75,mode0
1508047700812,644,824,75,mode0
1508047700828,650,818,75,mode0
1508047700845,658,813,75,mode0
1508047700862,672,805,75,mode0
1508047700879,676,802,75,mode0
1508047700895,695,789,75,mode0
1508047700911,705,783,75,mode0
1508047700928,714,777,75,mode0
1508047700945,729,765,76,mode0
1508047700962,743,752,76,mode0
1508047700980,745,750,76,mode0
1508047700996,751,745,76,mode0
1508047701012,754,743,76,mode0
1508047701029,761,739,76,mode0
1508047701046,766,737,76,mode0
1508047701063,790,724,76,mode0
1508047701080,814,710,76,mode0
1508047701096,839,692,76,mode0
1508047701112,866,668,76,mode0
1508047701129,869,664,76,mode0
1508047701145,877,655,76,mode0
1508047701162,881,650,76,mode0
1508047701179,884,645,76,mode0
1508047701195,885,644,76,mode0
1508047701212,888,638,76,mode0
1508047701229,892,633,76,mode0
1508047701246,901,626,76,mode0
1508047701263,910,620,76,mode0
1508047701279,932,605,77,mode0
1508047701297,966,596,77,mode0
1508047701314,979,595,77,mode0
1508047701331,1010,595,77,mode0
1508047701347,1037,595,77,mode0
1508047701364,1043,597,77,mode0
1508047701381,1072,607,77,mode0
1508047701398,1078,609,77,mode0
1508047701415,1115,630,77,mode0
1508047701431,1145,646,77,mode0
1508047701448,1194,672,78,mode0
1508047701466,1234,696,78,mode0
1508047701484,1244,702,78,mode0
1508047701502,1269,719,78,mode0
1508047701519,1275,722,78,mode0
1508047701535,1294,735,78,mode0
1508047701553,1308,744,79,mode0
1508047701569,1320,753,79,mode0
1508047701587,1323,756,79,mode0
1508047701604,1335,769,79,mode0
1508047701620,1353,787,79,mode0
1508047701637,1361,794,79,mode0
1508047701653,1418,831,79,mode0
1508047701670,1428,834,79,mode0
1508047701686,1461,843,79,mode0
1508047701703,1469,843,79,mode0
1508047701720,1473,843,79,mode0
1508047701737,1473,842,79,mode0
1508047701753,1474,840,79,mode0
1508047701769,1475,839,79,mode0
1508047701786,1477,836,79,mode0
1508047701803,1481,830,79,mode0
1508047701820,1482,806,79,mode0
1508047701836,1482,800,79,mode0
1508047701853,1470,771,79,mode0
1508047701870,1458,754,79,mode0
1508047701887,1414,722,79,mode0
1508047701903,1392,710,79,mode0
1508047701920,1317,672,79,mode0
1508047701937,1280,656,81,mode0
1508047701954,1265,649,81,mode0
1508047701971,1265,649,81,mode0
1508047701987,1265,649,81,mode0
1508047702004,1265,649,81,mode0
1508047702021,1264,649,81,mode0
1508047702038,1263,649,81,mode0
1508047702054,1263,649,81,mode0
1508047702071,1263,649,81,mode0
1508047702088,1263,648,81,mode0
1508047702105,1262,648,81,mode0
1508047702121,1256,645,81,mode0
1508047702138,1245,640,81,mode0
1508047702155,1240,639,81,mode0
1508047702171,1236,638,81,mode0
1508047702188,1236,638,81,mode0
1508047702204,1236,638,81,mode0
1508047702221,1236,637,81,mode0
1508047702238,1247,630,81,mode0
1508047702255,1262,619,81,mode0
1508047702271,1266,617,81,mode0
1508047702287,1288,607,81,mode0
1508047702305,1323,593,81,mode0
1508047702321,1331,589,81,mode0
1508047702338,1352,579,81,mode0
1508047702355,1362,575,82,mode0
1508047702372,1373,571,82,mode0
1508047702389,1379,570,82,mode0
1508047702406,1380,570,82,mode0
1508047702422,1380,570,82,mode0
1508047702440,1380,570,82,mode0
1508047702456,1381,570,82,mode0
1508047702472,1383,571,82,mode0
1508047702489,1384,572,82,mode0
1508047702506,1393,578,82,mode0
1508047702523,1398,583,82,mode0
1508047702540,1405,590,82,mode0
1508047702556,1406,592,82,mode0
1508047702573,1406,593,82,mode0
1508047702589,1406,593,82,mode0
1508047702606,1406,593,82,mode0
1508047702623,1406,593,82,mode0
1508047702639,1405,591,82,mode0
1508047702656,1399,584,82,mode0
1508047702673,1396,579,82,mode0
1508047702689,1365,545,82,mode0
1508047702706,1329,511,82,mode0
1508047702722,1305,488,82,mode0
1508047702740,1280,463,82,mode0
1508047702756,1276,460,82,mode0
1508047702772,1278,447,82,mode0
1508047702789,1282,438,83,mode0
1508047702807,1284,433,83,mode0
1508047702825,1284,432,83,mode0
1508047702841,1284,432,83,mode0
1508047702858,1284,432,83,mode0
1508047702874,1283,432,83,mode0
1508047702891,1282,432,83,mode0
1508047702908,1282,432,83,mode0
1508047702924,1282,432,83,mode0
1508047702941,1282,432,83,mode0
1508047702958,1287,431,83,mode0
1508047702974,1291,430,83,mode0
1508047702991,1305,427,83,mode0
1508047703008,1310,427,83,mode0
1508047703024,1324,427,83,mode0
1508047703041,1330,427,83,mode0
1508047703057,1332,427,83,mode0
1508047703074,1332,429,83,mode0
1508047703091,1332,456,83,mode0
1508047703108,1332,462,83,mode0
1508047703124,1332,497,83,mode0
1508047703141,1326,516,83,mode0
1508047703158,1316,531,83,mode0
1508047703174,1313,533,83,mode0
1508047703190,1308,537,83,mode0
1508047703207,1302,538,83,mode0
1508047703224,1291,538,83,mode0
1508047703241,1287,538,83,mode0
1508047703257,1270,543,83,mode0
1508047703274,1265,547,83,mode0
1508047703290,1250,562,84,mode0
1508047703308,1232,586,84,mode0
1508047703325,1208,618,84,mode0
1508047703341,1200,629,84,mode0
1508047703358,1174,660,84,mode0
1508047703375,1171,665,84,mode0
1508047703392,1170,666,84,mode0
1508047703409,1170,666,84,mode0
1508047703425,1170,667,84,mode0
1508047703442,1169,667,84,mode0
1508047703459,1168,672,84,mode0
1508047703475,1166,680,84,mode0
1508047703493,1166,712,84,mode0
1508047703510,1166,723,84,mode0
1508047703527,1167,764,84,mode0
1508047703544,1167,764,84,mode0
1508047703561,1173,829,84,mode0
1508047703577,1173,834,84,mode0
1508047703594,1173,837,84,mode0
1508047703611,1173,837,84,mode0
1508047703627,1168,837,84,mode0
1508047703644,1141,831,84,mode0
1508047703661,1131,827,84,mode0
1508047703677,1092,814,84,mode0
1508047703694,1048,797,84,mode0
1508047703710,975,772,84,mode0
1508047703727,950,766,84,mode0
1508047703745,880,747,84,mode0
1508047703760,876,746,84,mode0
1508047703777,875,745,84,mode0
1508047703794,875,745,84,mode0
1508047703811,874,742,84,mode0
1508047703828,871,737,84,mode0
1508047703844,864,730,85,mode0
1508047703862,853,721,85,mode0
1508047703879,849,719,85,mode0
1508047703895,839,713,85,mode0
1508047703911,834,711,85,mode0
1508047703929,821,708,85,mode0
1508047703945,817,707,85,mode0
1508047703962,817,706,85,mode0
1508047703978,812,704,85,mode0
1508047703995,807,700,85,mode0
1508047704012,784,683,85,mode0
1508047704029,775,675,85,mode0
1508047704045,734,642,85,mode0
1508047704062,707,622,85,mode0
1508047704079,692,608,85,mode0
1508047704096,690,606,86,mode0
1508047704115,683,596,86,mode0
1508047704133,682,594,86,mode0
1508047704149,677,587,86,mode0
1508047704166,672,579,86,mode0
1508047704183,658,565,86,mode0
1508047704200,654,562,86,mode0
1508047704216,645,550,86,mode0
1508047704233,642,546,86,mode0
1508047704249,639,539,86,mode0
1508047704265,636,533,86,mode0
1508047704282,635,527,86,mode0
1508047704299,635,525,86,mode0
1508047704316,638,515,86,mode0
1508047704333,642,508,86,mode0
1508047704349,